Code, Description
21000,"  Wherever in this division “department” occurs, it means the Department of the California Highway Patrol.
"
21001,"  The provisions of this division refer exclusively to the operation of vehicles upon the highways, unless a different place is specifically referred to.
"
2105,"  Every person riding or driving an animal upon a highway has all of the rights and is subject to all of the duties applicable to the driver of a vehicle by this division and Division 10 (commencing with Section 20000), except those provisions which by their very nature can have no application.
"
21051,"  The following sections apply to trolley coaches:
"
21052,"  The provisions of this code applicable to the drivers of vehicles upon the highways apply to the drivers of all vehicles while engaged in the course of employment by this State, any political subdivision thereof, any municipal corporation, or any district, including authorized emergency vehicles subject to those exemptions granted such authorized emergency vehicles in this code.
"
21053,"  This code, except Chapter 1 (commencing with Section 20000) of Division 10, Article 2 (commencing with Section 23152) of Chapter 12 of Division 11, and Sections 25268 and 25269, does not apply to public employees and publicly owned teams, motor vehicles, and other equipment while actually engaged in work upon the surface of a highway, or work of installation, removal, repairing, or maintaining official traffic control devices. This code does apply to those persons and vehicles when traveling to or from their work.
"
21054,"  The provisions of this division do not apply to the duly authorized representatives of any public agency while actually engaged in performing any of the work described in Section 21053 but apply to such persons when traveling to and from such work.
"
21055,"  The driver of an authorized emergency vehicle is exempt from Chapter 2 (commencing with Section 21350), Chapter 3 (commencing with Section 21650), Chapter 4 (commencing with Section 21800), Chapter 5 (commencing with Section 21950), Chapter 6 (commencing with 22100), Chapter 7 (commencing with Section 22348), Chapter 8 (commencing with Section 22450), Chapter 9 (commencing with Section 22500), and Chapter 10 (commencing with Section 22650) of this division, and Article 3 (commencing with Section 38305) and Article 4 (commencing with Section 38312) of Chapter 5 of Division 16.5, under all of the following conditions:
"
21056,"  Section 21055 does not relieve the driver of a vehicle from the duty to drive with due regard for the safety of all persons using the highway, nor protect him from the consequences of an arbitrary exercise of the privileges granted in that section.
"
21057,"  Every police and traffic officer is hereby expressly prohibited from using a siren or driving at an illegal speed when serving as an escort of any vehicle, except when the escort or conveyance is furnished for the preservation of life or when expediting movements of supplies and personnel for any federal, state, or local governmental agency during a national emergency, or state of war emergency, or state of emergency, or local emergency as defined in Section 8558 of the Government Code.
"
21058,"  A physician traveling in response to an emergency call shall be exempt from the provisions of Sections 22351 and 22352 if the vehicle so used by him displays an insigne approved by the department indicating that the vehicle is owned by a licensed physician. The provisions of this section do not relieve the driver of the vehicle from the duty to drive with due regard for the safety of all persons using the highway, nor protect the driver from the consequences of an arbitrary exercise of the privileges of this section.
"
21059,"  Sections 21211, 21650, 21660, 22502, 22504, and subdivision (h) of Section 22500 do not apply to the operation of a rubbish or garbage truck while actually engaged in the collection of rubbish or garbage within a business or residence district, if the front turn signal lamps at each side of the vehicle are being flashed simultaneously and the rear turn signal lamps at each side of the vehicle are being flashed simultaneously.
"
21060,"  Between the hours of 1 a.m. and 5 a.m., Sections 21650, 21660, 22502, 22504, and subdivision (h) of Section 22500 do not apply to the operation of a streetsweeper vehicle or watering vehicle, operated by a local authority, while the vehicle is actually sweeping streets or watering landscaping or vegetation within a business or residence district. The exemption is not applicable unless the turn signal lamps at each side of the front and rear of the streetsweeper vehicle or watering vehicle are being flashed simultaneously.
"
21061,"  (a) In addition to any action prescribed in Division 17 (commencing with Section 40000.1), a traffic officer may issue a notice of reexamination to any person who violates any provision of this division and who, at the time of the violation, exhibits evidence of incapacity to the traffic officer which leads the traffic officer to reasonably believe that the person is incapable of operating a motor vehicle in a manner so as not to present a clear or potential danger of risk of injury to that person or others if that person is permitted to resume operation of a motor vehicle.
"
21062,"  The arresting officer shall, before the end of the next working day, transmit, or cause to be transmitted, a legible copy of the notice of reexamination to the Department of Motor Vehicles, and the department shall enter the record of the notice in the driver’s license record maintained by electronic recording and storage media by the department within five working days of its receipt.
"
21070,"  Notwithstanding any other provision of law, a driver who violates any provision of this division, that is punishable as an infraction, and as a result of that violation proximately causes bodily injury or great bodily injury, as defined in Section 12022.7 of the Penal Code, to another person is guilty of the public offense of unsafe operation of a motor vehicle with bodily injury or great bodily injury. That violation is punishable as an infraction pursuant to Section 42001.19.
"
21100,"  Local authorities may adopt rules and regulations by ordinance or resolution regarding all of the following matters:
"
21100.1,"  Whenever any city or county, by ordinance or resolution, permits, restricts, or prohibits the use of public or private highways pursuant to this article, any traffic control device erected by it on or after January 1, 1981, shall conform to the uniform standards and specifications adopted by the Department of Transportation pursuant to Section 21400.
"
21100.3,"  It is unlawful for any person to disobey the traffic directions of a person appointed or authorized by a local authority to regulate traffic pursuant to subdivision (e) of Section 21100 when such appointee is wearing an official insignia issued by the local authority and is acting in the course of his appointed duties.
"
21100.4,"  (a) (1) A magistrate presented with the affidavit of a peace officer or a designated local transportation officer establishing reasonable cause to believe that a vehicle, described by vehicle type and license number, is being operated as a taxicab or other passenger vehicle for hire in violation of licensing requirements adopted by a local authority under subdivision (b) of Section 21100 shall issue a warrant or order authorizing the peace officer or designated local transportation officer to immediately seize and cause the removal of the vehicle. As used in this section, “designated local transportation officer” means any local public officer employed by a local authority to investigate and enforce local taxicab and vehicle for hire laws and regulations.
"
21100.5,"  Notwithstanding any other provisions of law, local authorities of any city which is on a natural island with an area in excess of 20,000 acres and which is within a county having a population in excess of 4,000,000, may, if they determine such rules and regulations to be necessary in view of the special problem existing thereon with respect to the size and nature of the streets of the city and with respect to the characteristics and nature of the city itself, adopt rules and regulations by ordinance or resolution on the following matters:
"
21101,"  Local authorities, for those highways under their jurisdiction, may adopt rules and regulations by ordinance or resolution, except as provided in subdivision (f), on the following matters:
"
21101.2,"  Local authorities may adopt rules and regulations by ordinance or resolution to provide that if a peace officer, as defined in Chapter 4.5 (commencing with Section 830) of Title 3 of Part 2 of the Penal Code, determines that the traffic load on a particular street or highway, or a portion thereof, is such that little or no vehicular flow is occurring and, additionally, if the peace officer finds that a significant number of vehicles are not promptly moving when an opportunity arises to do so, then the peace officer may divert vehicles, excepting public safety or emergency vehicles, from that street or highway, or portion thereof, subject to traffic congestion until such time as reasonably flowing traffic is restored.
"
21101.4,"  (a) A local authority may, by ordinance or resolution, adopt rules and regulations for temporarily closing to through traffic a highway under its jurisdiction when all of the following conditions are, after a public hearing, found to exist:
"
21101.6,"  Notwithstanding Section 21101, local authorities may not place gates or other selective devices on any street which deny or restrict the access of certain members of the public to the street, while permitting others unrestricted access to the street.
"
21102,"  Local authorities may adopt rules and regulations by ordinance or resolution closing to vehicular traffic that portion of any street or highway crossing or dividing any school ground or grounds when in the opinion of the legislative body having jurisdiction such closing is necessary for the protection of persons attending such school or school grounds. The closing to vehicular traffic may be limited to such hours and days as the legislative body may specify. No such ordinance or resolution shall be effective until appropriate signs giving notice thereof are posted along the street or highway affected, nor in the case of state highways, until such ordinance or resolution is approved by the Department of Transportation.
"
21102.1,"  Notwithstanding any other provision of law, local authorities may, by ordinance or resolution, adopt rules and regulations restricting vehicular or pedestrian traffic through any alley by means of gates, barriers, or other control devices, when, in the opinion of the local authority having jurisdiction over the alley, the restriction is necessary for the protection or preservation of the public peace, safety, health, or welfare, subject to the following conditions:
"
21103,"  No ordinance or resolution enacted under Section 21101 shall be effective until signs giving notice of the local traffic laws are posted at all entrances to the highway or part thereof affected.
"
21104,"  No ordinance or resolution proposed to be enacted under Section 21101 or subdivision (d) of Section 21100 is effective as to any highway not under the exclusive jurisdiction of the local authority enacting the same, except that an ordinance or resolution which is submitted to the Department of Transportation by a local legislative body in complete draft form for approval prior to the enactment thereof is effective as to any state highway or part thereof specified in the written approval of the department.
"
21105,"  No rule or regulation adopted under Sections 21100 or 21101 shall be effective as to boundary line streets where portions thereof are within different jurisdictions unless all authorities having jurisdiction of such portions of the street concerned have approved the same.
"
21106,"  (a) Local authorities, by ordinance or resolution, may establish crosswalks between intersections.
"
21107,"  The provisions of this code shall not prevent any city from adopting rules and regulations by ordinance or resolution, regulating vehicular traffic on privately owned and maintained roads located within the boundary of such city, except that no such ordinance or resolution shall be effective until signs giving notice thereof are posted on the roads affected. The provisions of this section shall not apply to any city in which there are publicly maintained city streets.
"
21107.5,"  (a) Any city or county may, by ordinance or resolution, find and declare that there are privately owned and maintained roads as described in the ordinance or resolution within the city or county that are generally held open for use by the public for vehicular travel and which so connect with highways that the public cannot determine that the roads are not highways. Upon enactment by a city or county of the ordinance or resolution, this code shall apply to the privately owned and maintained road, except as provided in subdivision (b).
"
21107.6,"  (a) Any city or county may, by ordinance, find and declare that there are privately owned and maintained roads as described in such ordinance within the city or county which are generally held open to the public for purposes of vehicular travel to serve commercial establishments. Upon enactment by a city or county of such an ordinance, the provisions of this code shall apply to any such privately owned and maintained road. No ordinance shall be enacted under this section without a public hearing thereon and 10 days’ prior notice to the owner of the privately owned and maintained road involved.
"
21107.7,"  (a) Any city or county may, by ordinance or resolution, find and declare that there are privately owned and maintained roads as described in the ordinance or resolution within the city or county that are not generally held open for use of the public for purposes of vehicular travel but, by reason of their proximity to or connection with highways, the interests of any residents residing along the roads and the motoring public will best be served by application of the provisions of this code to those roads. No ordinance or resolution shall be enacted unless there is first filed with the city or county a petition requesting it by a majority of the owners of any privately owned and maintained road, or by at least a majority of the board of directors of a common interest development, as defined by Section 4100 or 6534 of the Civil Code, that is responsible for maintaining the road, and without a public hearing thereon and 10 days’ prior written notice to all owners of the road or all of the owners in the development. Upon enactment of the ordinance or resolution, the provisions of this code shall apply to the privately owned and maintained road if appropriate signs are erected at the entrance to the road of the size, shape, and color as to be readily legible during daylight hours from a distance of 100 feet, to the effect that the road is subject to the provisions of this code. The city or county may impose reasonable conditions and may authorize the owners, or board of directors of the common interest development, to erect traffic signs, signals, markings, and devices which conform to the uniform standards and specifications adopted by the Department of Transportation.
"
21107.8,"  (a) (1) A city, county, or city and county may, by ordinance or resolution, find and declare that there are privately owned and maintained offstreet parking facilities as described in the ordinance or resolution within the city, county, or city and county that are generally held open for use of the public for purposes of vehicular parking. Upon enactment by a city, county, or city and county of the ordinance or resolution, Sections 22350, 23103, and 23109 and the provisions of Division 16.5 (commencing with Section 38000) shall apply to privately owned and maintained offstreet parking facilities, except as provided in subdivision (b).
"
21107.9,"  (a) Any city or county, or city and county, may, by ordinance or resolution, find and declare that there are privately owned and maintained roads within a mobilehome park, as defined in Section 18214 of the Health and Safety Code, or within a manufactured housing community, as defined in Section 18801 of the Health and Safety Code, within the city or county, or city and county, that are generally not held open for use by the public for vehicular travel. Upon enactment of the ordinance or resolution, the provisions of this code shall apply to the privately owned and maintained roads within a mobilehome park or manufactured housing community if appropriate signs are erected at the entrance or entrances to the mobilehome park or manufactured housing community of the size, shape, and color as to be readily legible during daylight hours from a distance of 100 feet, to the effect that the roads within the park or community are subject to the provisions of this code. The city or county, or city and county, may impose reasonable conditions and may authorize the owners of the mobilehome park or manufactured housing community to erect traffic signs, markings, or devices which conform to the uniform standards and specifications adopted by the Department of Transportation.
"
21108,"  Local authorities may adopt rules and regulations by ordinance or resolution regulating vehicular traffic on privately owned and maintained roads or ways within the boundaries of a privately owned airport, when the roads or ways are expressly open to the general public for purposes of vehicular traffic.
"
21109,"  (a) Local authorities may adopt rules and regulations by ordinance or resolution regulating vehicular and pedestrian traffic in subways, tubes, and tunnels or upon bridges or viaducts.
"
21109.5,"  (a) No restriction or prohibition shall be effective pursuant to subdivision (b) of Section 21109 or Section 34020.5 except upon notice and hearing in the manner prescribed in this section.
"
21110,"  Local authorities may adopt rules and regulations by ordinance or resolution to require that all vehicles stop before entering or crossing the tracks at any highway railroad grade crossing when signs are in place giving notice thereof, but no such ordinance shall be effective unless approved by an order of the Public Utilities Commission.
"
21111,"  Local authorities may adopt rules and regulations by ordinance or resolution regulating vehicular traffic on privately owned and maintained roads or ways within the boundaries of any housing project or within the site of any housing owned or operated by a housing authority created under and by virtue of the Housing Authorities Law, commencing at Section 34200 of the Health and Safety Code, on privately owned and maintained roads or ways within areas which would be a residence district if the road or way were a public highway, or, with the consent of the owner, on publicly owned and maintained roads and ways within areas which are not owned by such local authorities. The rules or regulations shall not be effective until appropriate signs giving notice thereof are posted along the roads or ways affected.
"
21112,"  Local authorities may by ordinance license and regulate the location of stands on streets and highways for use by taxicabs and other public carriers for hire in their respective jurisdictions. No such ordinance shall be effective as to any state highway until approved in writing by the Department of Transportation. Where maintenance of any state highway is delegated by such department to a city, such approval is not required.
"
21113,"  (a) (1) Except as provided in paragraph (2), a person shall not drive a vehicle or animal, or stop, park, or leave standing a vehicle or animal, whether attended or unattended, upon the driveways, paths, parking facilities, or the grounds of any of the following:
"
21114,"  If a local authority finds that a city street or county road under its jurisdiction adjacent to an airport has been specifically designed and constructed, with the prior approval of the local authority, so as to safely permit the use thereof by regular vehicular traffic and also the taxiing of aircraft thereon between the airport and the place where such aircraft are hangared or tied down, the local authority may by resolution or ordinance designate such street or road or portion thereof for such combined use and prescribe rules and regulations therefor which shall have the force of law. No such street or road shall be so designated for a distance of more than one-half mile from the airport, provided, the finding of the local authority in this respect shall be conclusive. Upon such designation becoming effective, it shall be the sole responsibility of the local authority to enforce the provisions of the Vehicle Code and all rules and regulations adopted by it upon such street or road. Upon such designation becoming effective it shall be lawful to taxi aircraft upon such street or road in accordance with the rules and regulations prescribed as aforesaid and said aircraft need not be licensed under this code or comply with other provisions thereof.
"
21114.5,"  Notwithstanding Section 21663 or any other provision of this code, local authorities may, by ordinance, authorize the operation of electric carts by physically disabled persons, by persons 50 years of age or older, or, while in the course of their employment, by employees of the United States Postal Service, state and local governmental agencies, or utility companies, on public sidewalks. Any ordinance shall, however, contain provisions requiring any disabled person or person 50 years of age or older who owns or leases an electric cart to apply to the local authority for a permit and an identification sticker to so operate the cart, and requiring the person to affix the sticker to the cart in order to operate it on the sidewalk. The permit and sticker shall become invalid if the person ceases to operate, own, or lease the cart.
"
21115,"  (a) If a local authority finds that a highway under its jurisdiction is located adjacent to, or provides access to, a golf course and between the golf course and the place where golf carts are parked or stored or is within or bounded by a real estate development offering golf facilities and is designed and constructed, so as to safely permit the use of regular vehicular traffic and also the driving of golf carts on the highway, the local authority may, by resolution or ordinance, designate the highway or portion of the highway for combined use and prescribe rules and regulations that shall have the force of law. No highway shall be so designated for a distance of more than one mile from the golf course if the highway is not located within a development or beyond the area of a development, provided, the finding of the local authority in this respect shall be conclusive. Upon the designation becoming effective it shall be lawful to drive golf carts upon the highway in accordance with the prescribed rules and regulations. The rules and regulations may establish crossing zones and speed limits and other operating standards but shall not require that the golf carts conform to any requirements of this code with respect to registration, licensing, or equipment, except that if operated during darkness the golf cart shall be subject to the provisions of Section 24001.5 regarding equipment.
"
21115.1,"  (a) Notwithstanding Section 21115, a local authority may, by ordinance or resolution, establish crossing zones, for use by golf carts at any time other than during darkness, on any street, other than a state highway, that has a posted speed limit of 45 miles per hour or less and that is immediately adjacent to a golf course. The crossing zones shall be at an angle of approximately 90 degrees to the direction of the roadway. The ordinance or resolution shall not become effective until submitted to the law enforcement agency having primary jurisdiction over the street, the law enforcement agency finds and determines that the conditions pertaining to that street, with the addition of proper signs, markers, or lighting, or any combination of those, will permit the establishment of a golf cart crossing with reasonable safety, and the signs, markers, or lighting specified by the law enforcement agency are in place.
"
21116,"  (a) No person shall drive any motor vehicle upon a roadway located on a levee, canal bank, natural watercourse bank, or pipeline right-of-way if the responsibility for maintenance of the levee, canal bank, natural watercourse bank, or pipeline right-of-way is vested in the state or in a reclamation, levee, drainage, water or irrigation district, or other local agency, unless such person has received permission to drive upon such roadway from the agency responsible for such maintenance, or unless such roadway has been dedicated as a public right-of-way.
"
21117,"  (a) Local authorities may, notwithstanding Section 21101 or 21101.6, by written agreement approved by their legislative bodies, transfer among themselves the responsibility for maintaining, operating, or controlling public access to any highway under their respective jurisdictions located in or adjacent to an ecological reserve or an environmentally sensitive area within their respective jurisdictions.
"
21118,"  (a) A local authority may adopt rules and regulations by ordinance or resolution to restrict the routes or streets upon which a tour bus described in subdivision (b) of Section 612 may be operated, if the local authority determines that it is unsafe to operate those vehicles on those routes or streets.
"
21200,"  (a) (1) A person riding a bicycle or operating a pedicab upon a highway has all the rights and is subject to all the provisions applicable to the driver of a vehicle by this division, including, but not limited to, provisions concerning driving under the influence of alcoholic beverages or drugs, and by Division 10 (commencing with Section 20000), Section 27400, Division 16.7 (commencing with Section 39000), Division 17 (commencing with Section 40000.1), and Division 18 (commencing with Section 42000), except those provisions which by their very nature can have no application.
"
21200.5,"  Notwithstanding Section 21200, it is unlawful for any person to ride a bicycle upon a highway while under the influence of an alcoholic beverage or any drug, or under the combined influence of an alcoholic beverage and any drug. Any person arrested for a violation of this section may request to have a chemical test made of the person’s blood, breath, or urine for the purpose of determining the alcoholic or drug content of that person’s blood pursuant to Section 23612, and, if so requested, the arresting officer shall have the test performed. A conviction of a violation of this section shall be punished by a fine of not more than two hundred fifty dollars ($250). Violations of this section are subject to Section 13202.5.
"
21201,"  (a) No person shall operate a bicycle on a roadway unless it is equipped with a brake that will enable the operator to make one braked wheel skid on dry, level, clean pavement.
"
21201.3,"  (a) A bicycle or motorized bicycle used by a peace officer, as defined in Section 830.1 of, subdivision (a), (b), (c), (d), (e), (f), (g), or (i) of Section 830.2 of, subdivision (b) or (d) of Section 830.31 of, subdivision (a) or (b) of Section 830.32 of, Section 830.33 of, subdivision (a) of Section 830.36 of, subdivision (a) of Section 830.4 of, or Section 830.6 of, the Penal Code, in the performance of the peace officer’s duties, may display a steady or flashing blue warning light that is visible from the front, sides, or rear of the bicycle or motorized bicycle.
"
21201.5,"  (a) No person shall sell, or offer for sale, a reflex reflector or reflectorized tire of a type required on a bicycle unless it meets requirements established by the department. If there exists a federal Consumer Product Safety Commission regulation applicable to bicycle reflectors, the provisions of that regulation shall prevail over provisions of this code or requirements established by the department pursuant to this code relative to bicycle reflectors.
"
21202,"  (a) Any person operating a bicycle upon a roadway at a speed less than the normal speed of traffic moving in the same direction at that time shall ride as close as practicable to the right-hand curb or edge of the roadway except under any of the following situations:
"
21203,"  No person riding upon any motorcycle, motorized bicycle, bicycle, coaster, roller skates, sled, or toy vehicle shall attach the same or himself to any streetcar or vehicle on the roadway.
"
21204,"  (a)  A person operating a bicycle upon a highway shall not ride other than upon or astride a permanent and regular seat attached thereto, unless the bicycle was designed by the manufacturer to be ridden without a seat.
"
21205,"  No person operating a bicycle shall carry any package, bundle or article which prevents the operator from keeping at least one hand upon the handlebars.
"
21206,"  This chapter does not prevent local authorities, by ordinance, from regulating the registration of bicycles and the parking and operation of bicycles on pedestrian or bicycle facilities, provided such regulation is not in conflict with the provisions of this code.
"
21207,"  (a) This chapter does not prohibit local authorities from establishing, by ordinance or resolution, bicycle lanes separated from any vehicular lanes upon highways, other than state highways as defined in Section 24 of the Streets and Highways Code and county highways established pursuant to Article 5 (commencing with Section 1720) of Chapter 9 of Division 2 of the Streets and Highways Code.
"
21207.5,"  (a) Notwithstanding Sections 21207 and 23127 of this code, or any other law, a motorized bicycle or class 3 electric bicycle shall not be operated on a bicycle path or trail, bikeway, bicycle lane established pursuant to Section 21207, equestrian trail, or hiking or recreational trail, unless it is within or adjacent to a roadway or unless the local authority or the governing body of a public agency having jurisdiction over the path or trail permits, by ordinance, that operation.
"
21208,"  (a) Whenever a bicycle lane has been established on a roadway pursuant to Section 21207, any person operating a bicycle upon the roadway at a speed less than the normal speed of traffic moving in the same direction at that time shall ride within the bicycle lane, except that the person may move out of the lane under any of the following situations:
"
21209,"  (a) No person shall drive a motor vehicle in a bicycle lane established on a roadway pursuant to Section 21207 except as follows:
"
21210,"  No person shall leave a bicycle lying on its side on any sidewalk, or shall park a bicycle on a sidewalk in any other position, so that there is not an adequate path for pedestrian traffic. Local authorities may, by ordinance or resolution, prohibit bicycle parking in designated areas of the public highway, provided that appropriate signs are erected.
"
21211,"  (a) No person may stop, stand, sit, or loiter upon any class I bikeway, as defined in subdivision (a) of Section 890.4 of the Streets and Highways Code, or any other public or private bicycle path or trail, if the stopping, standing, sitting, or loitering impedes or blocks the normal and reasonable movement of any bicyclist.
"
21212,"  (a) A person under 18 years of age shall not operate a bicycle, a nonmotorized scooter, or a skateboard, nor wear in-line or roller skates, nor ride upon a bicycle, a nonmotorized scooter, or a skateboard as a passenger, upon a street, bikeway, as defined in Section 890.4 of the Streets and Highways Code, or any other public bicycle path or trail unless that person is wearing a properly fitted and fastened bicycle helmet that meets the standards of either the American Society for Testing and Materials (ASTM) or the United States Consumer Product Safety Commission (CPSC), or standards subsequently established by those entities. This requirement also applies to a person who rides upon a bicycle while in a restraining seat that is attached to the bicycle or in a trailer towed by the bicycle.
"
21213,"  (a) A person under 16 years of age shall not operate a class 3 electric bicycle.
"
21215,"  (a) A pedicab defined in subdivision (c) of Section 467.5 shall operate subject to all of the following requirements:
"
21215.2,"  (a) If alcoholic beverages are consumed on board the pedicab, a pedicab defined in subdivision (c) of Section 467.5 shall additionally operate subject to all of the following requirements:
"
21215.5,"  This article does not preclude a local authority from imposing more stringent operating or equipment requirements on a pedicab subject to this article.
"
21220,"  (a) The Legislature finds and declares both of the following:
"
21220.5,"  For the purposes of this article, a motorized scooter is defined in Section 407.5.
"
21221,"  Every person operating a motorized scooter upon a highway has all the rights and is subject to all the provisions applicable to the driver of a vehicle by this division, including, but not limited to, provisions concerning driving under the influence of alcoholic beverages or drugs, and by Division 10 (commencing with Section 20000), Division 17 (commencing with Section 40000.1), and Division 18 (commencing with Section 42000), except those provisions which, by their very nature, can have no application.
"
21221.5,"  Notwithstanding Section 21221, it is unlawful for any person to operate a motorized scooter upon a highway while under the influence of an alcoholic beverage or any drug, or under the combined influence of an alcoholic beverage and any drug. Any person arrested for a violation of this section may request to have a chemical test made of the person’s blood or breath for the purpose of determining the alcoholic or drug content of that person’s blood pursuant to subdivision (d) of Section 23612, and, if so requested, the arresting officer shall have the test performed. A conviction of a violation of this section shall be punished by a fine of not more than two hundred fifty dollars ($250).
"
21223,"  (a) Every motorized scooter operated upon any highway during darkness shall be equipped with the following:
"
21224,"  (a) A person operating a motorized scooter is not subject to the provisions of this code relating to financial responsibility, registration, and license plate requirements, and, for those purposes, a motorized scooter is not a motor vehicle.
"
21225,"  This article does not prevent a local authority, by ordinance, from regulating the registration of motorized scooters and the parking and operation of motorized scooters on pedestrian or bicycle facilities and local streets and highways, if that regulation is not in conflict with this code.
"
21226,"  (a) A person shall not sell or offer for sale a motorized scooter that produces a maximum noise level exceeding 80 dbA at a distance of 50 feet from the centerline of travel when tested in accordance with Society of Automotive Engineers (SAE) Recommended Practice J331 JAN00.
"
21227,"  (a) A motorized scooter shall comply with one of the following:
"
21228,"  Any person operating a motorized scooter upon a highway at a speed less than the normal speed of traffic moving in the same direction at that time shall ride as close as practicable to the right-hand curb or right edge of the roadway, except under the following situations:
"
21229,"  (a) Whenever a class II bicycle lane has been established on a roadway, any person operating a motorized scooter upon the roadway shall ride within the bicycle lane, except that the person may move out of the lane under any of the following situations:
"
21230,"  Notwithstanding any other provision of law, a motorized scooter may be operated on a bicycle path or trail or bikeway, unless the local authority or the governing body of a local agency having jurisdiction over that path, trail, or bikeway prohibits that operation by ordinance.
"
21235,"  The operator of a motorized scooter shall not do any of the following:
"
21251,"  Except as provided in Chapter 8 (commencing with Section 1965) of Division 2.5 of the Streets and Highways Code, and Sections 4023, 21115, and 21115.1, a low-speed vehicle is subject to all the provisions applicable to a motor vehicle, and the driver of a low-speed vehicle is subject to all the provisions applicable to the driver of a motor vehicle or other vehicle, when applicable, by this code or another code, with the exception of those provisions that, by their very nature, can have no application.
"
21252,"  A vehicle dealer, selling a low-speed vehicle, shall provide to the buyer a disclosure statement regarding the operation of the vehicle that is in compliance with existing provisions of the California Code of Regulations.
"
21253,"  A low-speed vehicle operated or parked on the roadway shall at all times meet federal Motor Vehicle Safety Standards established for low-speed vehicles in Section 571.500 of Title 49 of the Code of Federal Regulations.
"
21254,"  A motor vehicle that was originally designated as a low-speed vehicle and that has been modified or altered to exceed 25 miles per hour shall not qualify for the relaxed federal Motor Vehicle Safety Standards established for low-speed vehicles and instead shall meet all federal Motor Vehicle Safety Standards for a passenger vehicle.
"
21260,"  (a) Except as provided in paragraph (1) of subdivision (b), or in an area where a neighborhood electric vehicle transportation plan has been adopted pursuant to Chapter 8 (commencing with Section 1965) of Division 2.5 of the Streets and Highways Code, the operator of a low-speed vehicle shall not operate the vehicle on any roadway with a speed limit in excess of 35 miles per hour.
"
21266,"  (a) Notwithstanding Section 21260, local authorities, by ordinance or resolution, may restrict or prohibit the use of low-speed vehicles.
"
21280.5,"  For purposes of this article, an electric personal assistive mobility device is defined in Section 313.
"
21281,"  Every electric personal assistive mobility device, or EPAMD, shall be equipped with the following safety mechanisms:
"
21281.5,"  (a) A person shall not operate an EPAMD on a sidewalk, bike path, pathway, trail, bike lane, street, road, or highway at a speed greater than is reasonable and prudent having due regard for weather, visibility, pedestrians, and other conveyance traffic on, and the surface, width, and condition of, the sidewalk, bike path, pathway, trail, bike lane, street, road, or highway.
"
21282,"  Notwithstanding Section 21966, for the purpose of assuring the safety of pedestrians, including seniors, persons with disabilities, and others using sidewalks, bike paths, pathways, trails, bike lanes, streets, roads, and highways, a city, county, or city and county may, by ordinance, regulate the time, place, and manner of the operation of electric personal assistive mobility devices as defined in Section 313, and their use as a pedestrian pursuant to paragraph (2) of subdivision (a) of Section 467, including limiting, prohibiting entirely in the local jurisdiction, or prohibiting use in specified areas as determined to be appropriate by local entities. State agencies may limit or prohibit the time, place, and manner of use on state property.
"
21291,"  An electrically motorized board shall be operated only by a person who is 16 years of age or older.
"
21292,"  A person shall not operate an electrically motorized board upon a highway, bikeway, or any other public bicycle path, sidewalk, or trail, unless that person is wearing a properly fitted and fastened bicycle helmet that meets the standards described in Section 21212.
"
21293,"  (a) Every electrically motorized board operated upon a highway during darkness shall be equipped with all of the following:
"
21294,"  (a) An electrically motorized board shall only operate upon a highway designated with a speed limit of 35 miles per hour or less, unless the electrically motorized board is operated entirely within a designated Class II or Class IV bikeway.
"
21295,"  The Commissioner of the California Highway Patrol shall submit a report to the Legislature, on or before January 1, 2021, to assist in determining the effect that the use of electrically motorized boards has on traffic safety. The report shall include detailed statewide traffic collision data involving electrically motorized boards, including property damage only, injury, and fatal traffic collisions. The report shall be submitted in compliance with Section 9795 of the Government Code. Pursuant to Section 10231.5 of the Government Code, this section is repealed on January 1, 2025.
"
21296,"  (a) It is unlawful for a person to operate an electrically motorized board upon a highway while under the influence of an alcoholic beverage or any drug, or under the combined influence of an alcoholic beverage and any drug.
"
21300,"  (a) A person under 18 years of age shall not ride an equestrian animal upon a paved highway unless that person is wearing a properly fitted and fastened helmet that meets the standards of either the American Society for Testing and Materials or the United States Consumer Product Safety Commission, or standards subsequently established by those entities.
"
21351,"  Local authorities in their respective jurisdictions shall place and maintain or cause to be placed and maintained such traffic signs, signals and other traffic control devices upon streets and highways as required hereunder, and may place and maintain or cause to be placed and maintained, such appropriate signs, signals or other traffic control devices as may be authorized hereunder or as may be necessary properly to indicate and to carry out the provisions of this code or local traffic ordinances or to warn or guide traffic.
"
21351.3,"  Local authorities in their respective jurisdictions may place and maintain, or cause to be placed and maintained, speed limit, speed advisory, and mileage signs, or suitable plates affixed to or near existing signs, which indicate speeds and distances both in common standards of measures, as specified in Section 12302 of the Business and Professions Code, and in measures of the metric system authorized by Congress.
"
21351.5,"  The Department of Transportation or local authorities, with respect to highways under their respective jurisdictions, may erect stop signs to require the traffic on a highway to stop before crossing any railroad grade crossing designated by the agency having jurisdiction of the highway as a major crossing with a demonstrated need for stop signs, except a railroad grade crossing which is controlled by automatic signals, gates, or other train-actuated control devices.
"
21351.7,"  Local authorities in their respective jurisdictions may place and maintain, or cause to be placed and maintained, appropriate signs along city streets or county roads which indicate that a deaf child is near.
"
21352,"  The Department of Transportation may erect stop signs at any entrance to any state highway and whenever the department determines that it is necessary for the public safety and the orderly and efficient use of the highways by the public, the department may erect and maintain, or cause to be erected and maintained, on any state highway any traffic control signal or any official traffic control device regulating or prohibiting the turning of vehicles upon the highway, allocating or restricting the use of specified lanes or portions of the highway by moving vehicular traffic, establishing crosswalks at or between intersections, or restricting use of the right-of-way by the public for other than highway purposes.
"
21353,"  No local authority, except by permission of the Department of Transportation, shall erect or maintain any stop sign or traffic control signal in such manner as to require the traffic on any state highway to stop before entering or crossing any intersecting highway or any railroad grade crossing.
"
21354,"  Subject to the provisions of Section 21353, a local authority may designate any highway under its jurisdiction as a through highway and may erect stop signs at entrances thereto or may designate any intersection under its exclusive jurisdiction as a stop intersection and erect stop signs at one or more entrances thereto.
"
21355,"  (a) Stop signs erected under Section 21350, 21351, 21352, or 21354 may be erected either at or near the entrance to an intersection.
"
21356,"  The Department of Transportation or local authorities, with respect to highways under their respective jurisdictions, may erect yield right-of-way signs at the entrances to intersections or highways. Such yield right-of-way signs shall not be erected upon the approaches to more than one of the intersecting streets.
"
21356.5,"  Local authorities may place signs, mirrors, or other visual or audible devices at exits from alleys that are under their jurisdiction to warn drivers to watch for pedestrians and bicyclists on the sidewalk prior to exiting the alley.
"
21357,"  Speed restriction signs may, but need not, be erected upon any highway other than a state highway at the entrance thereof into a business or residence district unless required in this chapter.
"
21358,"  Where one or more business and residence districts are contiguous, or where, as authorized by this code, speed is to be restricted between two districts, either business or residence, or at the end of either thereof, speed restriction signs affecting traffic on other than state highways as required by Sections 21357 and 21359 need be erected and maintained only at the boundaries of the outside limits of the area in which speed is to be restricted.
"
21359,"  Whenever the Department of Transportation or a local authority as authorized by this code determines and declares a speed limit different from the limit otherwise applicable under Sections 22349 and 22352, appropriate speed restriction signs shall be erected and maintained at the outside entrance of the highway or portion thereof upon which the special speed limit is applicable. The special speed limit is not effective until appropriate signs have been erected.
"
21360,"  Local authorities in their respective jurisdictions may, within the reasonable exercise of their police power and subject to Section 21353, place and maintain official traffic control devices to regulate traffic at the intersection of a highway and a private road or driveway. Official traffic control devices may be erected at or near such intersection, except no such device shall be erected upon a private road or driveway without consent of the owner thereof. When official traffic control devices are installed and in operation, the private road or driveway shall be deemed a highway only for the purpose of determining the existence and location of an intersection.
"
21361,"  (a) When the outermost boundaries of two or more intersections are confined within a distance of 200 feet, the Department of Transportation in respect to state highways, and a local authority with respect to highways under its jurisdiction, shall have the power to designate a single intersection by the installation and operation of traffic signals which may be supplemented by signs or markings. When so designated, the single intersection shall be the legal intersection for the purposes of traffic movement and regulation.
"
21362,"  Railroad warning approach signs shall be erected by local authorities upon the right-hand side of each approach of every highway under their jurisdiction to a grade crossing of a railroad or electric interurban railway at a reasonable distance from the crossing.
"
21362.5,"  (a) Railroad and rail transit grade crossings may be equipped with an automated rail crossing enforcement system if the system is identified by signs clearly indicating the system’s presence and visible to traffic approaching from each direction.
"
"(Added by Stats. 1994, Ch. 1216, Sec. 4. Effective January 1, 1995. Superseded on January 1, 2023"," see amendment by Stats. 2021, Ch. 615.)
"
21362.5,"  (a) (1) Railroad and rail transit grade crossings may be equipped with an automated rail crossing enforcement system if the system is identified by signs clearly indicating the system’s presence and visible to traffic approaching from each direction.
"
21363,"  Detour signs shall be erected at the nearest points of detour from that portion of a highway, or from any bridge, which is closed to traffic while under construction or repair.
"
21364,"  The Department of Transportation may authorize an owner of land adjacent to a state highway to erect and maintain signs to indicate the existence of those places where livestock regularly and frequently cross a state highway, and any sign so erected and maintained shall be an official sign. The department shall prescribe the size, shape and character of the signs, which shall be uniform.
"
21365,"  The Department of Transportation, with respect to state highways in open range country, and the board of supervisors of each county, with respect to county highways under its jurisdiction, may place and maintain appropriate signs indicating that the territory traversed is open livestock range and warning against the danger of livestock on the highway.
"
21366,"  At each signal-controlled intersection on streets and highways, there shall be a street name sign clearly visible to traffic approaching from all directions. The cost of erecting and maintaining the street name signs may be paid out of funds derived from the Highway Users Tax Fund or the Motor Vehicle License Fee Fund.
"
21367,"  (a)  As provided in Section 125 of the Streets and Highways Code and in Section 21100 of this code, respectively, the duly authorized representative of the Department of Transportation or local authorities, with respect to highways under their respective jurisdictions, including, but not limited to, persons contracting to perform construction, maintenance, or repair of a highway, may, with the approval of the department or local authority, as the case may be, and while engaged in the performance of that work, restrict the use of, and regulate the movement of traffic through or around, the affected area whenever the traffic would endanger the safety of workers or the work would interfere with or endanger the movement of traffic through the area. Traffic may be regulated by warning signs, lights, appropriate control devices, or by a person or persons controlling and directing the flow of traffic.
"
21368,"  Whenever a marked pedestrian crosswalk has been established in a roadway contiguous to a school building or the grounds thereof, it shall be painted or marked in yellow as shall be all the marked pedestrian crosswalks at an intersection in case any one of the crosswalks is required to be marked in yellow. Other established marked pedestrian crosswalks may be painted or marked in yellow if either (a) the nearest point of the crosswalk is not more than 600 feet from a school building or the grounds thereof, or (b) the nearest point of the crosswalk is not more than 2,800 feet from a school building or the grounds thereof, there are no intervening crosswalks other than those contiguous to the school grounds, and it appears that the facts and circumstances require special painting or marking of the crosswalks for the protection and safety of persons attending the school. There shall be painted or marked in yellow on each side of the street in the lane or lanes leading to all yellow marked crosswalks the following words, “SLOW—SCHOOL XING,” except that such words shall not be painted or marked in any lane leading to a crosswalk at an intersection controlled by stop signs, traffic signals, or yield right-of-way signs. A crosswalk shall not be painted or marked yellow at any location other than as required or permitted in this section.
"
21369,"  All speed restriction signs in place on January 1, 1960, are hereby ratified and confirmed and shall establish the applicable prima facie speed limit unless and until changed pursuant to engineering and traffic surveys provided for by this code.
"
21370,"  The Department of Transportation, or its duly authorized representatives with the approval of the department, while engaged in the construction of a state highway upon new alignment may restrict the use of and regulate the movement of traffic upon any highway intersecting the project at or near the place of intersection whenever such work interferes with or endangers the safe movement of traffic through the work.
"
21372,"  The Department of Transportation and local authorities shall, with respect to highways under their respective jurisdictions, establish and promulgate warrants to be used as guidelines for the placement of traffic control devices near schools for the purpose of protecting students going to and from school. Such devices may include flashing signals. Such warrants shall be based upon, but need not be limited to, the following items: pedestrian volumes, vehicle volumes, width of the roadway, physical terrain, speed of vehicle traffic, horizontal and vertical alignment of the roadway, the distance to existing traffic control devices, proximity to the school, and the degree of urban or rural environment of the area.
"
21373,"  The governing board of any school district may request the appropriate city, county, city and county or state agency to install traffic control devices in accordance with the warrants established pursuant to Section 21372. Within 90 days thereafter, the city, county, city and county or state agency involved shall undertake an engineering and traffic survey to determine whether the requested crossing protection meets the warrants established pursuant to Section 21372. The city, county, city and county, or state agency involved may require the requesting school district to pay an amount not to exceed 50 percent of the cost of the survey. If it is determined that such requested protection is warranted, it shall be installed by the city, county, city and county or state agency involved.
"
21374,"  A local authority may mark or paint the surface of any street or highway under its jurisdiction, or of any state highway, with the approval of the Department of Transportation, with lines, arrows, or other suitable symbols for the purpose of directing visitors and tourists to local points of interest. No such marking shall be of a color or configuration which, as determined by the Department of Transportation, would cause it to be confused with an official traffic control device.
"
21375,"  (a) The Department of Transportation shall place and maintain, or cause to be placed and maintained, directional signs on freeways indicating the location of the freeway off ramp which may be used to reach a public or private postsecondary education institution having an enrollment of either 1,000 or more full-time students or the equivalent in part-time students, at the request of the institution. No signs shall be erected pursuant to this subdivision until the department has received donations from private sources covering the costs of erecting the signs.
"
21376,"  The Department of Transportation shall place and maintain on each major state highway entering the state within 500 feet after the state line, a sign that states that the abandonment or dumping of any animal is a crime punishable by a fine of up to one thousand dollars ($1,000) or confinement in a county jail of up to six months, or both.
"
21400,"  (a) The Department of Transportation shall, after consultation with local agencies and public hearings, adopt rules and regulations prescribing uniform standards and specifications for all official traffic control devices placed pursuant to this code, including, but not limited to, stop signs, yield right-of-way signs, speed restriction signs, railroad warning approach signs, street name signs, lines and markings on the roadway, and stock crossing signs placed pursuant to Section 21364.
"
21401,"  (a) Except as provided in Section 21374, only those official traffic control devices that conform to the uniform standards and specifications promulgated by the Department of Transportation shall be placed upon a street or highway.
"
21450.5,"  (a) A traffic-actuated signal is an official traffic control signal, as specified in Section 445, that displays one or more of its indications in response to the presence of traffic detected by mechanical, visual, electrical, or other means.
"
21451,"  (a) A driver facing a circular green signal shall proceed straight through or turn right or left or make a U-turn unless a sign prohibits a U-turn. Any driver, including one turning, shall yield the right-of-way to other traffic and to pedestrians lawfully within the intersection or an adjacent crosswalk.
"
21452,"  (a) A driver facing a steady circular yellow or yellow arrow signal is, by that signal, warned that the related green movement is ending or that a red indication will be shown immediately thereafter.
"
21453,"  (a) A driver facing a steady circular red signal alone shall stop at a marked limit line, but if none, before entering the crosswalk on the near side of the intersection or, if none, then before entering the intersection, and shall remain stopped until an indication to proceed is shown, except as provided in subdivision (b).
"
21454,"  When lane use control signals are placed over individual lanes, those signals shall indicate and apply to drivers of vehicles as follows:
"
21455,"  If an official traffic control signal is erected and maintained at a place other than an intersection, including a freeway or highway on ramp, this article applies, except those provisions that by their nature can have no application. A stop required shall be made at a sign, crosswalk, or limit line indicating where the stop shall be made, but, in the absence of that sign or marking, the stop shall be made at the signal.
"
21455.5,"  (a) The limit line, the intersection, or a place designated in Section 21455, where a driver is required to stop, may be equipped with an automated traffic enforcement system if the governmental agency utilizing the system meets all of the following requirements:
"
"(Amended by Stats. 2012, Ch. 735, Sec. 3. (SB 1303) Effective January 1, 2013. Superseded on January 1, 2023"," see amendment by Stats. 2021, Ch. 615.)
"
21455.5,"  (a) The limit line, the intersection, or a place designated in Section 21455, where a driver is required to stop, may be equipped with an automated traffic enforcement system if the governmental agency utilizing the system meets all of the following requirements:
"
21455.6,"  (a) A city council or county board of supervisors shall conduct a public hearing on the proposed use of an automated enforcement system authorized under Section 21455.5 prior to authorizing the city or county to enter into a contract for the use of the system.
"
21455.7,"  (a) At an intersection at which there is an automated enforcement system in operation, the minimum yellow light change interval shall be established in accordance with the California Manual on Uniform Traffic Control Devices.
"
21456,"  If a pedestrian control signal showing the words “WALK” or “WAIT” or “DON’T WALK” or other approved symbol is in place, the signal shall indicate as follows:
"
21456.1,"  Whenever an official traffic control signal exhibiting an approved “Walking Person” symbol, an approved “Upraised Hand” symbol, or the words “WALK” or “WAIT” or “DON'T WALK” is shown concurrently with official traffic control signals exhibiting the words “GO” or “CAUTION” or “STOP” or exhibiting different colored lights successively, one at a time or with arrows, a pedestrian facing those traffic control signals shall obey the “Walking Person,” “Upraised Hand,” “WALK” or “WAIT” or “DON'T WALK” control signal as provided in Section 21456.
"
21456.2,"  (a) Unless otherwise directed by a bicycle signal as provided in Section 21456.3, an operator of a bicycle shall obey the provisions of this article applicable to the driver of a vehicle.
"
21456.3,"  (a) An operator of a bicycle facing a green bicycle signal shall proceed straight through or turn right or left or make a U-turn unless a sign prohibits a U-turn. An operator of a bicycle, including one turning, shall yield the right-of-way to other traffic and to pedestrians lawfully within the intersection or an adjacent crosswalk.
"
21457,"  Whenever an illuminated flashing red or yellow light is used in a traffic signal or with a traffic sign, it shall require obedience by drivers as follows:
"
21458,"  (a) Whenever local authorities enact local parking regulations and indicate them by the use of paint upon curbs, the following colors only shall be used, and the colors indicate as follows:
"
21459,"  (a) The Department of Transportation in respect to state highways and a local authority with respect to highways under its jurisdiction, is authorized to place and maintain upon highways distinctive roadway markings as described and with the effect set forth in Section 21460.
"
21460,"  (a) If double parallel solid yellow lines are in place, a person driving a vehicle shall not drive to the left of the lines, except as permitted in this section.
"
Code,Description
21460.5,"  (a) The Department of Transportation and local authorities in their respective jurisdictions may designate a two-way left-turn lane on a highway. A two-way left-turn lane is a lane near the center of the highway set aside for use by vehicles making left turns in both directions from or into the highway.
"
21461,"  (a) It is unlawful for a driver of a vehicle to fail to obey a sign or signal defined as regulatory in the federal Manual on Uniform Traffic Control Devices, or a Department of Transportation approved supplement to that manual of a regulatory nature erected or maintained to enhance traffic safety and operations or to indicate and carry out the provisions of this code or a local traffic ordinance or resolution adopted pursuant to a local traffic ordinance, or to fail to obey a device erected or maintained by lawful authority of a public body or official.
"
21461.5,"  It shall be unlawful for any pedestrian to fail to obey any sign or signal erected or maintained to indicate or carry out the provisions of this code or any local traffic ordinance or resolution adopted pursuant to a local traffic ordinance, or to fail to obey any device erected or maintained pursuant to Section 21352.
"
21462,"  The driver of any vehicle, the person in charge of any animal, any pedestrian, and the motorman of any streetcar shall obey the instructions of any official traffic signal applicable to him and placed as provided by law, unless otherwise directed by a police or traffic officer or when it is necessary for the purpose of avoiding a collision or in case of other emergency, subject to the exemptions granted by Section 21055.
"
21463,"  No person shall operate a manually or traffic actuated signal other than for the purpose of permitting a pedestrian or vehicle to cross a roadway.
"
21464,"  (a) A person, without lawful authority, may not deface, injure, attach any material or substance to, knock down, or remove, nor may a person shoot at, any official traffic control device, traffic guidepost, traffic signpost, motorist callbox, or historical marker placed or erected as authorized or required by law, nor may a person without lawful authority deface, injure, attach any material or substance to, or remove, nor may a person shoot at, any inscription, shield, or insignia on any device, guide, or marker.
"
21465,"  No person shall place, maintain, or display upon, or in view of, any highway any unofficial sign, signal, device, or marking, or any sign, signal, device, or marking which purports to be or is an imitation of, or resembles, an official traffic control device or which attempts to direct the movement of traffic or which hides from view any official traffic control device.
"
21466,"  No person shall place or maintain or display upon or in view of any highway any light in such position as to prevent the driver of a vehicle from readily recognizing any official traffic control device.
"
21466.5,"  No person shall place or maintain or display, upon or in view of any highway, any light of any color of such brilliance as to impair the vision of drivers upon the highway. A light source shall be considered vision impairing when its brilliance exceeds the values listed below.
"
21467,"  Every prohibited sign, signal, device, or light is a public nuisance, and the Department of Transportation, members of the California Highway Patrol, and local authorities are hereby authorized and empowered without notice to remove the same, or cause the same to be removed, or the Director of Transportation, the commissioner, or local authorities may bring an action as provided by law to abate such nuisance.
"
21468,"  This division does not modify or limit the authority of the Public Utilities Commission to erect or maintain, or cause to be erected and maintained, signs, signals or other traffic control devices as authorized by law.
"
21650.1,"  A bicycle operated on a roadway, or the shoulder of a highway, shall be operated in the same direction as vehicles are required to be driven upon the roadway.
"
21651,"  (a) Whenever a highway has been divided into two or more roadways by means of intermittent barriers or by means of a dividing section of not less than two feet in width, either unpaved or delineated by curbs, double-parallel lines, or other markings on the roadway, it is unlawful to do either of the following:
"
21652,"  When any service road has been constructed on or along any public highway and the main thoroughfare of the highway has been separated from the service road, it is unlawful for any person to drive any vehicle into the main thoroughfare from the service road or from the main thoroughfare into the service road except through an opening in the dividing curb, section, separation, or line.
"
21654,"  (a) Notwithstanding the prima facie speed limits, any vehicle proceeding upon a highway at a speed less than the normal speed of traffic moving in the same direction at such time shall be driven in the right-hand lane for traffic or as close as practicable to the right-hand edge or curb, except when overtaking and passing another vehicle proceeding in the same direction or when preparing for a left turn at an intersection or into a private road or driveway.
"
21655.1,"  (a) A person shall not operate a motor vehicle on a portion of a highway that has been designated for the exclusive use of public transit buses, except in compliance with the directions of a peace officer or official traffic control device.
"
21655.5,"  (a) The Department of Transportation and local authorities, with respect to highways under their respective jurisdictions, may authorize or permit exclusive or preferential use of highway lanes for high-occupancy vehicles. Prior to establishing the lanes, competent engineering estimates shall be made of the effect of the lanes on safety, congestion, and highway capacity.
"
21655.6,"  (a)  Whenever the Department of Transportation authorizes or permits exclusive or preferential use of highway lanes for high-occupancy vehicles on any highway located within the territory of a transportation planning agency, as defined in Section 99214 of the Public Utilities Code, or a county transportation commission, the department shall obtain the approval of the transportation planning agency or county transportation commission prior to establishing the exclusive or preferential use of the highway lanes.
"
21655.7,"  A local authority, with respect to any highway under its jurisdiction, may authorize or permit a portion of the highway to be used exclusively for a public mass transit guideway.
"
21655.8,"  (a) Except as required under subdivision (b), when exclusive or preferential use lanes for high-occupancy vehicles are established pursuant to Section 21655.5 and double parallel solid lines are in place to the right thereof, no person driving a vehicle may cross over these double lines to enter into or exit from the exclusive or preferential use lanes, and entrance or exit may be made only in areas designated for these purposes or where a single broken line is in place to the right of the exclusive or preferential use lanes.
"
21655.9,"  (a) (1) Whenever the Department of Transportation or a local authority authorizes or permits exclusive or preferential use of highway lanes or highway access ramps for high-occupancy vehicles pursuant to Section 21655.5, the use of those lanes or ramps shall also be extended to vehicles that are issued distinctive decals, labels, or other identifiers pursuant to Section 5205.5 regardless of vehicle occupancy or ownership.
"
21656,"  On a two-lane highway where passing is unsafe because of traffic in the opposite direction or other conditions, any vehicle proceeding upon the highway at a speed less than the normal speed of traffic moving in the same direction at that time, behind which five or more vehicles are formed in line, shall turn off the roadway at the nearest place designated as a turnout by signs erected by the authority having jurisdiction over the highway, or wherever sufficient area for a safe turnout exists, in order to permit the vehicles following it to proceed.
"
21657,"  The authorities in charge of any highway may designate any highway, roadway, part of a roadway, or specific lanes upon which vehicular traffic shall proceed in one direction at all or such times as shall be indicated by official traffic control devices. When a roadway has been so designated, a vehicle shall be driven only in the direction designated at all or such times as shall be indicated by traffic control devices.
"
21658,"  Whenever any roadway has been divided into two or more clearly marked lanes for traffic in one direction, the following rules apply:
"
21658.1,"  (a) For the purposes of this section, “lane splitting” means driving a motorcycle, as defined in Section 400, that has two wheels in contact with the ground, between rows of stopped or moving vehicles in the same lane, including on both divided and undivided streets, roads, or highways.
"
21659,"  Upon a roadway which is divided into three lanes a vehicle shall not be driven in the extreme left lane at any time, nor in the center lane except when overtaking and passing another vehicle where the roadway ahead is clearly visible and the center lane is clear of traffic within a safe distance, or in preparation for a left turn, or where the center lane is at the time allocated exclusively to traffic moving in the direction the vehicle is proceeding and is signposted to give notice of such allocation. This section does not apply upon a one-way roadway.
"
21660,"  Drivers of vehicles proceeding in opposite directions shall pass each other to the right, and, except when a roadway has been divided into traffic lanes, each driver shall give to the other at least one-half of the main traveled portion of the roadway whenever possible.
"
21661,"  Whenever upon any grade the width of the roadway is insufficient to permit the passing of vehicles approaching from opposite directions at the point of meeting, the driver of the vehicle descending the grade shall yield the right-of-way to the vehicle ascending the grade and shall, if necessary, back his vehicle to a place in the highway where it is possible for the vehicles to pass.
"
21662,"  The driver of a motor vehicle traveling through defiles or canyons or upon mountain highways shall hold the motor vehicle under control at all times and shall do the following when applicable:
"
21663,"  Except as expressly permitted pursuant to this code, including Sections 21100.4 and 21114.5, no person shall operate or move a motor vehicle upon a sidewalk except as may be necessary to enter or leave adjacent property.
"
21664,"  It is unlawful for the driver of any vehicle to enter or exit any freeway which has full control of access and no crossings at grade, except upon a designated on ramp with respect to entering the freeway or a designated off ramp with respect to exiting the freeway.
"
21700.5,"  No person shall knowingly drive a bus within the City of San Diego which is transporting any public or private school pupil who is enrolled in kindergarten or any of grades 1 to 12, inclusive, to or from a public or private school, unless every such pupil is seated in a seat.
"
21701,"  No person shall wilfully interfere with the driver of a vehicle or with the mechanism thereof in such manner as to affect the driver’s control of the vehicle. The provisions of this section shall not apply to a drivers’ license examiner or other employee of the Department of Motor Vehicles when conducting the road or driving test of an applicant for a driver’s license nor to a person giving instruction as a part of a course in driver training conducted by a public school, educational institution or a driver training school licensed by the Department of Motor Vehicles.
"
21702,"  (a) No person shall drive upon any highway any vehicle designed or used for transporting persons for compensation for more than 10 consecutive hours nor for more than 10 hours spread over a total of 15 consecutive hours. Thereafter, such person shall not drive any such vehicle until eight consecutive hours have elapsed.
"
21703,"  The driver of a motor vehicle shall not follow another vehicle more closely than is reasonable and prudent, having due regard for the speed of such vehicle and the traffic upon, and the condition of, the roadway.
"
21704,"  (a) The driver of any motor vehicle subject to the speed restriction of Section 22406 that is operated outside of a business or residence district, shall keep the vehicle he is driving at a distance of not less than 300 feet to the rear of any other motor vehicle subject to such speed restriction which is preceding it.
"
21705,"  Motor vehicles being driven outside of a business or residence district in a caravan or motorcade, whether or not towing other vehicles, shall be so operated as to allow sufficient space and in no event less than 100 feet between each vehicle or combination of vehicles so as to enable any other vehicle to overtake or pass.
"
21706,"  No motor vehicle, except an authorized emergency vehicle, shall follow within 300 feet of any authorized emergency vehicle being operated under the provisions of Section 21055.
"
21706.5,"  (a) For purposes of this section, the following terms have the following meanings:
"
21707,"  No motor vehicle, except an authorized emergency vehicle or a vehicle of a duly authorized member of a fire or police department, shall be operated within the block wherein an emergency situation responded to by any fire department vehicle exists, except that in the event the nearest intersection to the emergency is more than 300 feet therefrom, this section shall prohibit operation of vehicles only within 300 feet of the emergency, unless directed to do so by a member of the fire department or police department, sheriff, deputy sheriff, or member of the California Highway Patrol. The emergency shall be deemed to have ceased to exist when the official of the fire department in charge at the scene of the emergency shall so indicate. Officials of the fire department or police department or the Department of the California Highway Patrol who are present shall make every effort to prevent the closing off entirely of congested highway traffic passing the scene of any such emergency.
"
21708,"  No person shall drive or propel any vehicle or conveyance upon, over, or across, or in any manner damage any fire hose or chemical hose used by or under the supervision and control of any organized fire department. However, any vehicle may cross a hose provided suitable jumpers or other appliances are installed to protect the hose.
"
21709,"  No vehicle shall at any time be driven through or within a safety zone.
"
21710,"  The driver of a motor vehicle when traveling on down grade upon any highway shall not coast with the gears of such vehicle in neutral.
"
21711,"  No person shall operate a train of vehicles when any vehicle being towed whips or swerves from side to side or fails to follow substantially in the path of the towing vehicle.
"
21713,"  No person shall operate on any highway any privately owned armored car unless a license to operate such car has first been obtained from the commissioner in accordance with Chapter 2.5 (commencing with Section 2500) of Division 2.
"
21714,"  The driver of a vehicle described in subdivision (f) of Section 27803 shall not operate the vehicle in either of the following areas:
"
21715,"  (a) No passenger vehicle regardless of weight, or any other motor vehicle under 4,000 pounds unladen, shall draw or tow more than one vehicle in combination, except that an auxiliary dolly or tow dolly may be used with the towed vehicle.
"
21716,"  Except as provided in Section 21115.1 and Chapter 6 (commencing with Section 1950) of Division 2.5 of the Streets and Highways Code, no person shall operate a golf cart on any highway except in a speed zone of 25 miles per hour or less.
"
21717,"  Whenever it is necessary for the driver of a motor vehicle to cross a bicycle lane that is adjacent to his lane of travel to make a turn, the driver shall drive the motor vehicle into the bicycle lane prior to making the turn and shall make the turn pursuant to Section 22100.
"
21718,"  (a) No person shall stop, park, or leave standing any vehicle upon a freeway which has full control of access and no crossings at grade except:
"
21719,"  (a) Notwithstanding any other law, in the event of an emergency occurring on a roadway that requires the rapid removal of impediments to traffic or the rendering of assistance to a disabled vehicle obstructing a roadway, a tow truck driver who is operating under an agreement with the law enforcement agency responsible for investigating traffic collisions on the roadway, summoned by the owner or operator of a vehicle involved in a collision or that is otherwise disabled on the roadway, or operating pursuant to subdivision (a) of Section 2430.1 may utilize the center median or right shoulder of a roadway if all of the following conditions are met:
"
21720,"  A pocket bike shall not be operated on a sidewalk, roadway, or any other part of a highway, or on a bikeway, bicycle path or trail, equestrian trail, hiking or recreational trail, or on public lands open to off-highway motor vehicle use.
"
21721,"  (a) A peace officer, as defined in Chapter 4.5 (commencing with Section 830) of Title 3 of Part 2 of the Penal Code, may cause the removal and seizure of a pocket bike, upon the notice to appear for a violation of Section 21720. A pocket bike so seized shall be held for a minimum of 48 hours.
"
21750,"  (a) The driver of a vehicle overtaking another vehicle proceeding in the same direction shall pass to the left at a safe distance without interfering with the safe operation of the overtaken vehicle, subject to the limitations and exceptions set forth in this article.
"
21751,"  On a two-lane highway, no vehicle shall be driven to the left side of the center of the roadway in overtaking and passing another vehicle proceeding in the same direction unless the left side is clearly visible and free of oncoming traffic for a sufficient distance ahead to permit such overtaking and passing to be completely made without interfering with the safe operation of any vehicle approaching from the opposite direction.
"
21752,"  No vehicle shall be driven to the left side of the roadway under the following conditions:
"
21753,"  Except when passing on the right is permitted, the driver of an overtaken vehicle shall safely move to the right-hand side of the highway in favor of the overtaking vehicle after an audible signal or a momentary flash of headlights by the overtaking vehicle, and shall not increase the speed of his or her vehicle until completely passed by the overtaking vehicle. This section does not require the driver of an overtaken vehicle to drive on the shoulder of the highway in order to allow the overtaking vehicle to pass.
"
21754,"  The driver of a vehicle may overtake and pass to the right of another vehicle only under the following conditions:
"
21755,"  (a) The driver of a vehicle may overtake and pass another vehicle upon the right only under conditions permitting that movement in safety. In no event shall that movement be made by driving off the paved or main-traveled portion of the roadway.
"
21801,"  (a) The driver of a vehicle intending to turn to the left or to complete a U-turn upon a highway, or to turn left into public or private property, or an alley, shall yield the right-of-way to all vehicles approaching from the opposite direction which are close enough to constitute a hazard at any time during the turning movement, and shall continue to yield the right-of-way to the approaching vehicles until the left turn or U-turn can be made with reasonable safety.
"
21802,"  (a) The driver of any vehicle approaching a stop sign at the entrance to, or within, an intersection shall stop as required by Section 22450. The driver shall then yield the right-of-way to any vehicles which have approached from another highway, or which are approaching so closely as to constitute an immediate hazard, and shall continue to yield the right-of-way to those vehicles until he or she can proceed with reasonable safety.
"
21803,"  (a) The driver of any vehicle approaching any intersection which is controlled by a yield right-of-way sign shall, upon arriving at the sign, yield the right-of-way to any vehicles which have entered the intersection, or which are approaching on the intersecting highway close enough to constitute an immediate hazard, and shall continue to yield the right-of-way to those vehicles until he or she can proceed with reasonable safety.
"
21804,"  (a) The driver of any vehicle about to enter or cross a highway from any public or private property, or from an alley, shall yield the right-of-way to all traffic, as defined in Section 620, approaching on the highway close enough to constitute an immediate hazard, and shall continue to yield the right-of-way to that traffic until he or she can proceed with reasonable safety.
"
21806,"  Upon the immediate approach of an authorized emergency vehicle which is sounding a siren and which has at least one lighted lamp exhibiting red light that is visible, under normal atmospheric conditions, from a distance of 1,000 feet to the front of the vehicle, the surrounding traffic shall, except as otherwise directed by a traffic officer
"
21950,"  (a) The driver of a vehicle shall yield the right-of-way to a pedestrian crossing the roadway within any marked crosswalk or within any unmarked crosswalk at an intersection, except as otherwise provided in this chapter.
"
21950.5,"  (a) An existing marked crosswalk may not be removed unless notice and opportunity to be heard is provided to the public not less than 30 days prior to the scheduled date of removal. In addition to any other public notice requirements, the notice of proposed removal shall be posted at the crosswalk identified for removal.
"
21951,"  Whenever any vehicle has stopped at a marked crosswalk or at any unmarked crosswalk at an intersection to permit a pedestrian to cross the roadway the driver of any other vehicle approaching from the rear shall not overtake and pass the stopped vehicle.
"
21952,"  The driver of any motor vehicle, prior to driving over or upon any sidewalk, shall yield the right-of-way to any pedestrian approaching thereon.
"
21953,"  Whenever any pedestrian crosses a roadway other than by means of a pedestrian tunnel or overhead pedestrian crossing, if a pedestrian tunnel or overhead crossing serves the place where the pedestrian is crossing the roadway, such pedestrian shall yield the right-of-way to all vehicles on the highway so near as to constitute an immediate hazard.
"
21954,"  (a) Every pedestrian upon a roadway at any point other than within a marked crosswalk or within an unmarked crosswalk at an intersection shall yield the right-of-way to all vehicles upon the roadway so near as to constitute an immediate hazard.
"
21955,"  Between adjacent intersections controlled by traffic control signal devices or by police officers, pedestrians shall not cross the roadway at any place except in a crosswalk.
"
21956,"  (a) No pedestrian may walk upon any roadway outside of a business or residence district otherwise than close to his or her left-hand edge of the roadway.
"
22100.5,"  No driver shall make a U-turn at an intersection controlled by official traffic signals except as provided in Section 21451, and then only from the far lefthand lane that is lawfully available to traffic moving in the direction of travel from which the turn is commenced. No driver shall make a U-turn at an intersection controlled by official traffic control devices except from the far lefthand lane that is lawfully available to traffic moving in the direction of travel from which the turn is commenced.
"
22101,"  (a) The Department of Transportation or local authorities, in respect to highways under their respective jurisdictions, may cause official traffic control devices to be placed or erected within or adjacent to intersections to regulate or prohibit turning movements at such intersections.
"
22102,"  No person in a business district shall make a U-turn, except at an intersection, or on a divided highway where an opening has been provided in accordance with Section 21651. This turning movement shall be made as close as practicable to the extreme left-hand edge of the lanes moving in the driver’s direction of travel immediately prior to the initiation of the turning movement, when more than one lane in the direction of travel is present.
"
22103,"  No person in a residence district shall make a U-turn when any other vehicle is approaching from either direction within 200 feet, except at an intersection when the approaching vehicle is controlled by an official traffic control device.
"
22104,"  No person shall make a U-turn in front of the driveway entrance or approaches to a fire station. No person shall use the driveway entrance or approaches to a fire station for the purpose of turning a vehicle so as to proceed in the opposite direction.
"
22105,"  No person shall make a U-turn upon any highway where the driver of such vehicle does not have an unobstructed view for 200 feet in both directions along the highway and of any traffic thereon.
"
22106,"  No person shall start a vehicle stopped, standing, or parked on a highway, nor shall any person back a vehicle on a highway until such movement can be made with reasonable safety.
"
22107,"  No person shall turn a vehicle from a direct course or move right or left upon a roadway until such movement can be made with reasonable safety and then only after the giving of an appropriate signal in the manner provided in this chapter in the event any other vehicle may be affected by the movement.
"
22108,"  Any signal of intention to turn right or left shall be given continuously during the last 100 feet traveled by the vehicle before turning.
"
22109,"  No person shall stop or suddenly decrease the speed of a vehicle on a highway without first giving an appropriate signal in the manner provided in this chapter to the driver of any vehicle immediately to the rear when there is opportunity to give the signal.
"
22350,"  No person shall drive a vehicle upon a highway at a speed greater than is reasonable or prudent having due regard for weather, visibility, the traffic on, and the surface and width of, the highway, and in no event at a speed which endangers the safety of persons or property.
"
22400,"  (a) No person shall drive upon a highway at such a slow speed as to impede or block the normal and reasonable movement of traffic unless the reduced speed is necessary for safe operation, because of a grade, or in compliance with law
"
22450,"  (a) The driver of any vehicle approaching a stop sign at the entrance to, or within, an intersection shall stop at a limit line, if marked, otherwise before entering the crosswalk on the near side of the intersection.
"
22451,"  (a) The driver of any vehicle or pedestrian approaching a railroad or rail transit grade crossing shall stop not less than 15 feet from the nearest rail and shall not proceed until he or she can do so safely, whenever the following conditions exist:
"
22500,"  A person shall not stop, park, or leave standing any vehicle whether attended or unattended, except when necessary to avoid conflict with other traffic or in compliance with the directions of a peace officer or official traffic control device
"
22502,"  (a) Except as otherwise provided in this chapter, a vehicle stopped or parked upon a roadway with adjacent curbs or class IV bikeways, as defined in Section 890.4 of the Streets and Highways Code, shall be stopped or parked with the right-hand wheels of the vehicle 
"
22515,"  (a) No person driving, or in control of, or in charge of, a motor vehicle shall permit it to stand on any highway unattended without first effectively setting the brakes thereon and stopping the motor thereof.
"
22516,"  No person shall leave standing a locked vehicle in which there is any person who cannot readily escape therefrom.
"
22517,"  No person shall open the door of a vehicle on the side available to moving traffic unless it is reasonably safe to do so and can be done without interfering with the movement of such traffic, nor shall any person leave a door open on the side of a vehicle available to moving traffic for a period of time longer than necessary to load or unload passengers.
"
22521,"  No person shall park a vehicle upon any railroad track or within 71/2 feet of the nearest rail.
"
23100,"  The provisions of this chapter apply to vehicles upon the highways and elsewhere throughout the State unless expressly provided otherwise.
"
23103,"  (a)  A person who drives a vehicle upon a highway in willful or wanton disregard for the safety of persons or property is guilty of reckless driving
"
23109,"  (a) A person shall not engage in a motor vehicle speed contest on a highway. As used in this section, a motor vehicle speed contest includes a motor vehicle race against another vehicle, a clock, or other timing device. For purposes of this section, an event in which the time to cover a prescribed route of more than 20 miles is measured, but in which the vehicle does not exceed the speed limits, is not a speed contest
"
23116,"  (a) No person driving a pickup truck or a flatbed motortruck on a highway shall transport any person in or on the back of the truck.
"
23140,"  (a) It is unlawful for a person under the age of 21 years who has 0.05 percent or more, by weight, of alcohol in his or her blood to drive a vehicle.
"
23152,"  (a) It is unlawful for a person who is under the influence of any alcoholic beverage to drive a vehicle.
"
23152.5,"  Notwithstanding Section 23152, a person who is under the influence of a drug or the combined influence of an alcoholic beverage and drug who is under the supervision of, and on the property of, the Department of the California Highway Patrol may drive a vehicle for purposes of conducting research on impaired driving.
"
23153,"  (a) It is unlawful for a person, while under the influence of any alcoholic beverage, to drive a vehicle and concurrently do any act forbidden by law, or neglect any duty imposed by law in driving the vehicle, which act or neglect proximately causes bodily injury to any person other than the driver.
"
24002,"  (a) It is unlawful to operate any vehicle or combination of vehicles which is in an unsafe condition, or which is not safely loaded, and which presents an immediate safety hazard.
"
24250,"  During darkness, a vehicle shall be equipped with lighted lighting equipment as required for the vehicle by this chapter.
"
26452,"  All motor vehicles shall be so equipped as to permit application of the brakes at least once for the purpose of bringing the vehicle to a stop within the legal stopping distance after the engine has become inoperative.
"
26453,"  All brakes and component parts thereof shall be maintained in good condition and in good working order. The brakes shall be so adjusted as to operate as equally as practicable with respect to the wheels on opposite sides of the vehicle.
"
27360,"  (a) Except as provided in Section 27363, a parent, legal guardian, or driver who transports a child under eight years of age on a highway in a motor vehicle, as defined in paragraph (1) of subdivision (c) of Section 27315, shall properly secure that child in a rear seat in an appropriate child passenger restraint system meeting applicable federal motor vehicle safety standards
"
27465,"  (a) No dealer or person holding a retail seller’s permit shall sell, offer for sale, expose for sale, or install on a vehicle axle for use on a highway, a pneumatic tire when the tire has less than the tread depth specified in subdivision (b). This subdivision does not apply to any person who installs on a vehicle, as part of an emergency service rendered to a disabled vehicle upon a highway, a spare tire with which the disabled vehicle was equipped
"
29003,"  (a) Every hitch or coupling device used as a means of attaching the towed and towing vehicles shall be properly and securely mounted and be structurally adequate for the weight drawn. The mounting of the hitch or coupling device on the towing and towed vehicle shall include sufficient reinforcement or bracing of the frame to provide sufficient strength and rigidity to prevent undue distortion of the frame.
"
29004,"  (a) (1) Except as required under paragraph (2), a towed vehicle shall be coupled to the towing vehicle by means of a safety chain, cable, or equivalent device in addition to the regular drawbar, tongue, or other connection"